epoch;loss
0;62.69462080949702
1;62.19912846625214
2;61.66709785384049
3;61.099236741752705
4;60.54037018286529
5;59.97624676222733
6;59.416094859279916
7;58.85828564471696
8;58.30033537147011
9;57.7523318400973
10;57.213237576745826
11;56.676322364420244
12;56.146080117680235
13;55.622219016053855
14;55.1012118341473
15;54.58125293569197
16;54.0640174912149
17;53.55058498266502
18;53.042495565046885
19;52.527387591936524
20;52.02315701529172
21;51.51703711890787
22;51.01705583645896
23;50.515251469176874
24;50.025319909952714
25;49.52320238155961
26;49.03327013367814
27;48.538809553846626
28;48.047327471069586
29;47.55373819749689
30;47.06057570575459
31;46.56870158352184
32;46.07833224716341
33;45.58216018367249
34;45.09092942986479
35;44.59293669571016
36;44.09794175649028
37;43.598472053574255
38;43.098622606443826
39;42.5990763387622
40;42.09646595612501
41;41.594597474073055
42;41.088762271718615
43;40.57623581953997
44;40.06904537053911
45;39.55577121448324
46;39.04449196712966
47;38.52882822435236
48;38.00861447626389
49;37.49106871815772
50;36.96714109532974
51;36.44112412489452
52;35.91387566494893
53;35.39100859760029
54;34.86301326945152
55;34.33785716708727
56;33.80754770275062
57;33.28070344596073
58;32.753729466250654
59;32.23043383739541
60;31.706847432660766
61;31.18922998842313
62;30.680241501597315
63;30.17633953055794
64;29.682193640037674
65;29.20391579912352
66;28.75319577230643
67;28.31258082438192
68;27.896589062518572
69;27.51819823769962
70;27.142982850451983
71;26.801837008091304
72;26.491726737960597
73;26.21044449100146
74;25.9507317997621
75;25.72021641837656
76;25.49949962855836
77;25.32102818131205
78;25.150084795381186
79;25.01246691814059
80;24.880863448910976
81;24.764493249734564
82;24.66585416967922
83;24.58022009673515
84;24.504246326779256
85;24.43814868037164
86;24.381688189554893
87;24.321652472381903
88;24.272532832549988
89;24.224512092482005
90;24.184302308738353
91;24.14717565927254
92;24.11372085710568
93;24.086129534800687
94;24.060010786230617
95;24.036840585859505
96;24.01799134647145
97;23.998518632343284
98;23.981675378207502
99;23.970082826595036
100;23.95610052963783
101;23.945648986475945
102;23.935457291516038
103;23.9254539520697
104;23.91851239852441
105;23.91107549145062
106;23.90518338588382
107;23.898003464054625
108;23.891254761639765
109;23.88507434465822
110;23.878384143295442
111;23.872471857747975
112;23.866297708321778
113;23.860335332626747
114;23.854079999014523
115;23.84841826866413
116;23.842868874571145
117;23.837151204354864
118;23.831575277610916
119;23.82625897854385
120;23.820626283997697
121;23.815295263913292
122;23.80954126895804
123;23.8041718697693
124;23.798510058172816
125;23.79299475648582
126;23.78753355308672
127;23.781972711033077
128;23.77651637079266
129;23.771105760493096
130;23.765577103496806
131;23.760069705893496
132;23.754596362007558
133;23.749116591942965
134;23.74379866795414
135;23.7383732902109
136;23.732891566371336
137;23.727433682455253
138;23.722041015934508
139;23.716615007566872
140;23.711275522413892
141;23.70574901263564
142;23.700438652270705
143;23.69497932913821
144;23.68954563721198
145;23.684301670376232
146;23.678956691440174
147;23.673565324856835
148;23.668204541622263
149;23.662810586770696
150;23.657599180271852
151;23.652235688834356
152;23.646841254243988
153;23.64151002137221
154;23.636208106731548
155;23.630945580968024
156;23.62558215917003
157;23.620282140271417
158;23.615021042117725
159;23.609607348335683
160;23.604337320850053
161;23.59907864073469
162;23.593788495170177
163;23.58849987393702
164;23.583452731552278
165;23.57804847392301
166;23.572733993220766
167;23.567518098842783
168;23.562326810422825
169;23.557019684425956
170;23.551832887753996
171;23.546472719668376
172;23.541303073658664
173;23.536060464793238
174;23.53082442525434
175;23.52560655001936
176;23.520411377262633
177;23.515215887259277
178;23.509885745406393
179;23.504697408927623
180;23.499560439320653
181;23.49435773389093
182;23.48924720795111
183;23.484008456340426
184;23.47873946184077
185;23.473552800578954
186;23.468376581373853
187;23.463212274392767
188;23.4580296096647
189;23.45300173807821
190;23.44775782153766
191;23.442480980987238
192;23.437371255901716
193;23.432226095915325
194;23.42697005049452
195;23.42194672482009
196;23.416711532561823
197;23.41163506420824
198;23.406437844823873
199;23.401327995934786
200;23.396172436449156
201;23.391081250947096
202;23.385845845901457
203;23.380781289771896
204;23.375689373055046
205;23.370500761887122
206;23.365381178942947
207;23.360347024325666
208;23.355317179619902
209;23.350219707218194
210;23.344957034437943
211;23.339837370247675
212;23.334660624877433
213;23.329638293500363
214;23.32443627285909
215;23.319397104197535
216;23.314251534111843
217;23.30920762996403
218;23.304124166709173
219;23.299004873929594
220;23.29392169697048
221;23.288834817511074
222;23.283728903253955
223;23.278589592985885
224;23.27352891345537
225;23.26849999340746
226;23.26343303084615
227;23.258129266889778
228;23.253162592951714
229;23.24803194119529
230;23.24324087874159
231;23.237927968797045
232;23.232743392851482
233;23.227610133482525
234;23.222701666563083
235;23.217494159876455
236;23.212529834337214
237;23.207226020085642
238;23.202258220308934
239;23.19712894586714
240;23.192070850735988
241;23.186983429635998
242;23.18189192688731
243;23.17694605968545
244;23.1716718228787
245;23.166696838626514
246;23.16166480414524
247;23.156422160460064
248;23.151742451573
249;23.146184824543116
250;23.14121052121052
251;23.13611237175808
252;23.13106351546777
253;23.12598255923505
254;23.120861800157034
255;23.115885187114227
256;23.110641877984904
257;23.10559634504647
258;23.100479296206462
259;23.095376836842505
260;23.09037573777638
261;23.085229598968073
262;23.08014784188106
263;23.075059674090838
264;23.069937390681453
265;23.064870230808218
266;23.059793112485934
267;23.054838401067087
268;23.04957726035592
269;23.04458353920834
270;23.03938027279372
271;23.03431084963661
272;23.0291913402008
273;23.02398082740892
274;23.019029532194622
275;23.013893970853175
276;23.008761094501487
277;23.003703413338496
278;22.998555657346156
279;22.993456022250967
280;22.98838480007334
281;22.983269248482664
282;22.97812834424373
283;22.97306935540561
284;22.967969708703837
285;22.962840527114714
286;22.957647404854487
287;22.952529736996663
288;22.947449585487103
289;22.942224332333577
290;22.937095204908513
291;22.932045474255546
292;22.926919163361525
293;22.92174595026167
294;22.916591257400977
295;22.91162228535929
296;22.906342790769997
297;22.901281414844444
298;22.896151030039448
299;22.89097195561469
300;22.8858637277785
301;22.880747073562343
302;22.87563766959231
303;22.87046863873155
304;22.865158166169635
305;22.860080266337366
306;22.855023405372975
307;22.849778680240405
308;22.844798476894294
309;22.839421196835037
310;22.834259760549052
311;22.829114871382956
312;22.824000047138206
313;22.818825205247737
314;22.813500986621538
315;22.808382753909964
316;22.803293541527182
317;22.79807188641469
318;22.79286701055376
319;22.787597911594847
320;22.782435221797797
321;22.777369493403253
322;22.77212650925828
323;22.766827987609
324;22.761800212744042
325;22.75642520370638
326;22.751292091354152
327;22.746196023349103
328;22.74081060320562
329;22.735694037973275
330;22.730372639746985
331;22.72556715804713
332;22.719985091420263
333;22.714737008116067
334;22.709549569213124
335;22.704330254761732
336;22.699089711868254
337;22.694279359271995
338;22.68864891640313
339;22.683611566106396
340;22.678187267775467
341;22.672997023948067
342;22.667834721037146
343;22.662405911613913
344;22.657362169958272
345;22.652185590949067
346;22.64681361896755
347;22.64152805026598
348;22.636293507976415
349;22.63109008293848
350;22.625872993082353
351;22.620743211819725
352;22.61530878867871
353;22.61000848735322
354;22.60484110849624
355;22.599669021235034
356;22.59425054940926
357;22.58921952470079
358;22.583738083288104
359;22.57841188767377
360;22.573127088875605
361;22.567908393442025
362;22.56252845547504
363;22.557345044056735
364;22.55217647359047
365;22.546820851416907
366;22.54151594614644
367;22.536027498225895
368;22.530831319565223
369;22.52558913240568
370;22.520239723623405
371;22.51483122185326
372;22.509659293215368
373;22.504333863635576
374;22.499071666725268
375;22.49364398314068
376;22.48819929591057
377;22.482989545284372
378;22.477548947440685
379;22.472404464505022
380;22.466948793577615
381;22.4618296246016
382;22.456297504974426
383;22.450757430968373
384;22.445700341741162
385;22.44010528347797
386;22.434773977097827
387;22.429514921702914
388;22.424120460030515
389;22.41866532300597
390;22.41336654214298
391;22.407958183520705
392;22.4025256599906
393;22.397377350751093
394;22.39182516720909
395;22.386510431162
396;22.381042642960924
397;22.375759759249117
398;22.370236375510814
399;22.364767124880157
400;22.359374071473283
401;22.353968243086314
402;22.348550692049532
403;22.343188310975236
404;22.337840886918816
405;22.33234507655517
406;22.32692988939266
407;22.32145884361035
408;22.316218745635926
409;22.31076904049268
410;22.30505449244749
411;22.299665768296432
412;22.294257336165792
413;22.28879384240079
414;22.28329831446402
415;22.277811657826266
416;22.272411837780936
417;22.26689341392285
418;22.261405097543587
419;22.256026006857233
420;22.250876157810914
421;22.24495079551217
422;22.23942624724661
423;22.233968169887458
424;22.228520279240172
425;22.222986828724704
426;22.217583716278387
427;22.212039394262597
428;22.206479132538153
429;22.201066696136042
430;22.195514841447253
431;22.189967277325675
432;22.184316310147484
433;22.178935486211255
434;22.173314758053174
435;22.167911722984083
436;22.162219633678877
437;22.156663028028383
438;22.15118487127896
439;22.145646921277773
440;22.14004593591903
441;22.13454883722456
442;22.128912966343258
443;22.123258037451073
444;22.117795472212787
445;22.112157245194936
446;22.106605378899566
447;22.101037541944645
448;22.09548566017383
449;22.09019870641991
450;22.084323898532087
451;22.078699231873177
452;22.07313127498356
453;22.067518067891893
454;22.061925880323802
455;22.05648241565387
456;22.05076120542948
457;22.045166669462564
458;22.039474680747755
459;22.033959553159516
460;22.028794491750475
461;22.022583541715363
462;22.01699617474848
463;22.011272929503033
464;22.00567141411029
465;22.000039833796194
466;21.994379643252607
467;21.988835290285927
468;21.98295228814982
469;21.977470854474856
470;21.971722879467823
471;21.966621325417417
472;21.960413857357498
473;21.95480985041806
474;21.94898737274851
475;21.943308778031604
476;21.937611152385845
477;21.931999047919653
478;21.926217286146677
479;21.92066905271209
480;21.914802094743894
481;21.90906547871371
482;21.903453424542718
483;21.897663433701705
484;21.89193648595597
485;21.88631575006017
486;21.880541327517125
487;21.87472550042019
488;21.868980152369996
489;21.86317910432332
490;21.857538331594718
491;21.85159577607625
492;21.84597978340443
493;21.84010036383391
494;21.8344062743274
495;21.828549116184938
496;21.822874846854994
497;21.816913596998607
498;21.811439297503924
499;21.805435111024558
500;21.79957249391877
501;21.79373842127183
502;21.787980275028374
503;21.782132204841165
504;21.776395159367375
505;21.770592176890034
506;21.764640889351558
507;21.75896200060119
508;21.753036920729322
509;21.747264788552183
510;21.74131988850375
511;21.735345759208013
512;21.729576033462617
513;21.723739674318633
514;21.717855441884627
515;21.712123882456194
516;21.706399178650027
517;21.700456963591353
518;21.69445456065706
519;21.688448072205208
520;21.682689051599095
521;21.67659804400276
522;21.67081160090758
523;21.664807294493514
524;21.658950267892337
525;21.6529699368119
526;21.647113912245807
527;21.641136908386105
528;21.63529019230036
529;21.62940903174224
530;21.62327959474637
531;21.617396074182846
532;21.61130624272035
533;21.60558503249596
534;21.599972823570514
535;21.59367174841086
536;21.587668084227772
537;21.581603114068145
538;21.575545212318158
539;21.569604521590847
540;21.563580731591152
541;21.55765596122819
542;21.551753502588486
543;21.5457288111441
544;21.539722098298295
545;21.533428284991345
546;21.52752868930902
547;21.521567656108864
548;21.515643926469597
549;21.5096340914527
550;21.50344200985427
551;21.49732619898798
552;21.49126139518939
553;21.48512816670942
554;21.47918937559302
555;21.47312039729306
556;21.46701273424872
557;21.460952155246694
558;21.454700686626936
559;21.44879778306818
560;21.44279965522565
561;21.43652361546762
562;21.43041816928082
563;21.4243567894245
564;21.418516089418112
565;21.411992779126273
566;21.40598431755515
567;21.3998290597788
568;21.393658844984568
569;21.387454680932223
570;21.381534913006952
571;21.375145585251627
572;21.36905860900879
573;21.363077144351983
574;21.356920118506007
575;21.350521671844543
576;21.34441428348936
577;21.33809166650985
578;21.332136065190994
579;21.325798050143415
580;21.31972263018935
581;21.31327659266474
582;21.307102273008645
583;21.30099725626545
584;21.294652830514657
585;21.288487641371287
586;21.28246620363928
587;21.276035053493043
588;21.269843973929692
589;21.263697962731907
590;21.257260042078354
591;21.250972693638676
592;21.244806398000968
593;21.238404063133874
594;21.232084343931497
595;21.22596698938954
596;21.21953673681913
597;21.213229587547193
598;21.206906208402003
599;21.2006501126241
600;21.19430341585171
601;21.18795515219048
602;21.181574815668878
603;21.17522652879448
604;21.169003770994607
605;21.16270394547716
606;21.1561938512156
607;21.1497944682897
608;21.143497633402053
609;21.13706114809605
610;21.130840781252477
611;21.12428688761187
612;21.118118734920728
613;21.111637985972315
614;21.10576323611741
615;21.098873602691093
616;21.092238238568722
617;21.08593693901511
618;21.079543579906286
619;21.073010879888013
620;21.06668076892412
621;21.06015343888536
622;21.053661996404248
623;21.04727072261168
624;21.040721251079567
625;21.034271944367138
626;21.027827260943987
627;21.021222948302604
628;21.01478794477049
629;21.00822630566951
630;21.001838181130058
631;20.995105399079545
632;20.988754268592075
633;20.98225656629334
634;20.975549728826866
635;20.96898545890019
636;20.96264013557357
637;20.95587359383914
638;20.949315920321016
639;20.942796745841935
640;20.93627345102554
641;20.92964098081144
642;20.92303370462228
643;20.916485045551045
644;20.9096657480236
645;20.90340154698122
646;20.896548412392637
647;20.88988886788699
648;20.883391045653553
649;20.876606250631397
650;20.869990629308365
651;20.86317808681279
652;20.856679123265266
653;20.849975972823632
654;20.843260356910815
655;20.836825465575675
656;20.82979587609096
657;20.823062521448968
658;20.816384050473722
659;20.809900922175594
660;20.80299773999692
661;20.79612449893603
662;20.78944845373684
663;20.7826967877742
664;20.776129078429804
665;20.769251272112555
666;20.762531268910994
667;20.755660678020114
668;20.74891022301107
669;20.742054237071688
670;20.73515963215857
671;20.728404441663265
672;20.72180181584542
673;20.715215946065968
674;20.707969147099927
675;20.701175724517018
676;20.694180030126358
677;20.687300490559235
678;20.680505806727535
679;20.673760238090345
680;20.6668552220714
681;20.660136131921114
682;20.652932811218633
683;20.646026955656783
684;20.639176970321316
685;20.632289959982973
686;20.625349052537526
687;20.61827438308066
688;20.611449692360527
689;20.604406778517408
690;20.59781767436989
691;20.59055805786628
692;20.583469336705082
693;20.576656283519814
694;20.56971284583906
695;20.5627042874845
696;20.555682629165496
697;20.548654927685103
698;20.541596186330302
699;20.53497326059709
700;20.527693166210494
701;20.520551797584396
702;20.513606905211784
703;20.506629386731625
704;20.499322573988724
705;20.49220272396931
706;20.485160080946482
707;20.478570253321898
708;20.47109337704177
709;20.464377811424146
710;20.456758286358134
711;20.449765578728417
712;20.442608951313257
713;20.435851745141207
714;20.42868505481774
715;20.42128845741009
716;20.414051438925473
717;20.40668937110514
718;20.399552393636647
719;20.39231441180556
720;20.38520402888981
721;20.37806916768846
722;20.370672597362837
723;20.36353310513448
724;20.356192981495578
725;20.34895676773412
726;20.34171270405303
727;20.334505247537795
728;20.327134579238738
729;20.31990124004124
730;20.312604911912526
731;20.30578685628957
732;20.298029414055073
733;20.290607355671046
734;20.28329227130263
735;20.276694183659117
736;20.26878801852646
737;20.261484799955728
738;20.25385488699706
739;20.24680875813018
740;20.239902384140912
741;20.231905300767135
742;20.224636437684964
743;20.217383955361637
744;20.209490209273827
745;20.202202586083093
746;20.194905402936026
747;20.187354368322037
748;20.179965849096828
749;20.17248012473085
750;20.165030171856678
751;20.157498500893613
752;20.149970439578166
753;20.14255077215044
754;20.13500299124882
755;20.127506623645342
756;20.120009335252867
757;20.11240931311679
758;20.10491571948688
759;20.09741231055579
760;20.09015698848825
761;20.082073880982932
762;20.07463195212714
763;20.066995144857597
764;20.05956315510655
765;20.052217595717487
766;20.043825702783302
767;20.036455289829092
768;20.028718333215306
769;20.021165549876
770;20.013700547131272
771;20.00582214881634
772;19.997914366499646
773;19.990579496774423
774;19.982513191733833
775;19.974879932210122
776;19.966954221590054
777;19.959227176998983
778;19.951564978392565
779;19.943503172837698
780;19.935886007777093
781;19.928338253957506
782;19.920386556195922
783;19.91236271190837
784;19.90463156245543
785;19.896862486554934
786;19.888855231944735
787;19.881428809485136
788;19.873313675545777
789;19.865223863303783
790;19.857465887166423
791;19.849713764616247
792;19.841741558020786
793;19.833596753783933
794;19.825911102140168
795;19.817693613605616
796;19.8094063385505
797;19.80155867060106
798;19.793443544399423
799;19.785440232158916
800;19.777444622821307
801;19.76924658305263
802;19.76123090593133
803;19.753412289261576
804;19.745402171694
805;19.737128785851034
806;19.729199415288154
807;19.721050541009188
808;19.712667821145203
809;19.7045749486339
810;19.696239459828963
811;19.688582894284632
812;19.680351110307488
813;19.67188115922723
814;19.663650644236597
815;19.65543709033401
816;19.646967259188454
817;19.63919080536941
818;19.630701850442325
819;19.62334101291989
820;19.61403453277526
821;19.60568069782992
822;19.597687738662316
823;19.58916532969136
824;19.58136944645075
825;19.57253188777405
826;19.56410713660064
827;19.555530679636988
828;19.547153329752522
829;19.538806075740297
830;19.53036944716262
831;19.52191632949798
832;19.513578654786393
833;19.505146916449434
834;19.49643725845925
835;19.488033070283777
836;19.479472320897102
837;19.471392412940098
838;19.462330796897533
839;19.453715067122577
840;19.445328493872715
841;19.4365312603376
842;19.42808422839182
843;19.4195176215491
844;19.410852517365925
845;19.40210828336209
846;19.393639492940224
847;19.384885045142493
848;19.376131344034995
849;19.3675469984631
850;19.358671497863398
851;19.35022480637742
852;19.34115421070772
853;19.33240628194132
854;19.32360752407484
855;19.315131135209338
856;19.30606536014085
857;19.297554611917924
858;19.28840063841783
859;19.27965487234491
860;19.27133872784659
861;19.262021132463374
862;19.253170079198377
863;19.244427957592823
864;19.235235995743388
865;19.22668865969892
866;19.217237983223875
867;19.208081038438284
868;19.199175612196235
869;19.190288636553845
870;19.18139003111431
871;19.172517149733725
872;19.163071719434633
873;19.15408277221432
874;19.14500355285273
875;19.136447422886476
876;19.127323382766445
877;19.118210767393904
878;19.10928162503194
879;19.10045352185232
880;19.091754886248047
881;19.08244435153675
882;19.07340524452937
883;19.064630775374283
884;19.05562087440104
885;19.046901838291006
886;19.037852177029933
887;19.02916014170308
888;19.02048855717719
889;19.010857990257154
890;19.001804015215704
891;18.992947448823323
892;18.983525870054294
893;18.974193572998047
894;18.96542611035082
895;18.95651520967
896;18.94741577937685
897;18.938475355415267
898;18.929416884756957
899;18.92045704684925
900;18.91160751017789
901;18.902733766041226
902;18.89357321547688
903;18.884753047331834
904;18.875465880542933
905;18.866333541715363
906;18.857423790086354
907;18.847978301754345
908;18.839236779822297
909;18.82990750047788
910;18.820784489474963
911;18.811711897472822
912;18.80299499310538
913;18.793650954055014
914;18.78417644152535
915;18.775303888997975
916;18.765735653302734
917;18.756837759733685
918;18.747233508808375
919;18.737979014553357
920;18.7286749176273
921;18.719505105008942
922;18.710188376250663
923;18.700618917995243
924;18.69140495780032
925;18.681806893184266
926;18.672646354226504
927;18.663181981982373
928;18.65400195557012
929;18.644264050961507
930;18.634964979686313
931;18.625452912119776
932;18.615712426980657
933;18.606452195204294
934;18.596660672046593
935;18.587119735036854
936;18.577745894147707
937;18.56798684621196
938;18.55847431438206
939;18.5489853168356
940;18.53938257089735
941;18.529399059365293
942;18.52031868708303
943;18.51013510899418
944;18.50030471151789
945;18.491254872289197
946;18.48123634756216
947;18.471517922670316
948;18.461425854758364
949;18.452007402029288
950;18.441952664760258
951;18.432318596520723
952;18.422125698344946
953;18.412106094205598
954;18.40281745724939
955;18.39244661853473
956;18.383273219481925
957;18.372891478316053
958;18.36283974715227
959;18.353141099879515
960;18.34299942929653
961;18.33279742382119
962;18.32287471531371
963;18.312819451879538
964;18.302690370571298
965;18.292804246016498
966;18.282722461537947
967;18.27250924023363
968;18.262219094359608
969;18.25200662748325
970;18.243038026604644
971;18.231753242910514
972;18.22181510925293
973;18.211593028256182
974;18.201214726508027
975;18.19074638088141
976;18.181005133576615
977;18.170335877981437
978;18.159983157144357
979;18.149827740497088
980;18.13952984142497
981;18.128911198273634
982;18.11831885564158
983;18.107943985573417
984;18.097682395764828
985;18.087411965608112
986;18.076502020412235
987;18.06630471947227
988;18.056305446199183
989;18.04496491995109
990;18.034335080315085
991;18.023670606632503
992;18.01342735522659
993;18.002505521019863
994;17.991966375231016
995;17.98138993748787
996;17.970600913552676
997;17.96021039394046
998;17.949453705948216
999;17.938331043019016
1000;17.92752754180475
1001;17.916664243469857
1002;17.90578144220503
1003;17.895071327565407
1004;17.88404825299555
1005;17.87311712191506
1006;17.862426045942016
1007;17.851453556733972
1008;17.840613467698166
1009;17.82948799210678
1010;17.818289932808092
1011;17.807663710557424
1012;17.796973443176395
1013;17.785396367009223
1014;17.77445084376461
1015;17.764349761405775
1016;17.752779680139877
1017;17.741496227334043
1018;17.73080883838584
1019;17.720031026410766
1020;17.708629244481333
1021;17.697623231589915
1022;17.686604018143658
1023;17.675572393390276
1024;17.664545519598597
1025;17.654615034679853
1026;17.642368099994158
1027;17.630962108743603
1028;17.62008356322623
1029;17.608915220651376
1030;17.597338179303957
1031;17.586527656106387
1032;17.575142881691335
1033;17.564407240304696
1034;17.55261028514189
1035;17.541404174742787
1036;17.530317155632964
1037;17.518548601781138
1038;17.50741158150756
1039;17.496106366356777
1040;17.485110350603023
1041;17.472968881077023
1042;17.461380658720376
1043;17.449905991312455
1044;17.439298703269106
1045;17.426986779450885
1046;17.415589164285098
1047;17.403694659652864
1048;17.39250184266127
1049;17.381005242678505
1050;17.369037898994122
1051;17.357258315018658
1052;17.345798426661
1053;17.33400573498337
1054;17.32380810132133
1055;17.310738449406188
1056;17.299419801568888
1057;17.28973469917963
1058;17.27646036515613
1059;17.264674335657705
1060;17.25350786948059
1061;17.24143596981892
1062;17.230333838936765
1063;17.218688222022376
1064;17.20794262218669
1065;17.19569882127866
1066;17.183817424348597
1067;17.17232391945489
1068;17.161449579389778
1069;17.149194802522175
1070;17.13781402850973
1071;17.126297561924066
1072;17.115054209865857
1073;17.10289291629443
1074;17.09140062622318
1075;17.079884101604595
1076;17.068255368401022
1077;17.05640946440474
1078;17.04470464617437
1079;17.032829129913516
1080;17.021936432101423
1081;17.009837268574
1082;16.999199277247182
1083;16.98692690479828
1084;16.975642078546674
1085;16.964118117976625
1086;16.952534588548765
1087;16.941093460299665
1088;16.929648799780175
1089;16.918447931688167
1090;16.906713977063163
1091;16.89495323057349
1092;16.88376861169904
1093;16.872235818518586
1094;16.86158392250417
1095;16.84965813812813
1096;16.837333284575365
1097;16.826212053124852
1098;16.81381128090632
1099;16.80241318600173
1100;16.79040525022433
1101;16.77856410105862
1102;16.767097713013932
1103;16.756144558440358
1104;16.74365204584768
1105;16.73208741580739
1106;16.72076763826258
1107;16.709719969341286
1108;16.69865853888026
1109;16.686590508079917
1110;16.67526862200569
1111;16.664277612558486
1112;16.653032623971935
1113;16.641583456229004
1114;16.630554249513946
1115;16.619276011933177
1116;16.609768513491865
1117;16.5976159867602
1118;16.58582133743874
1119;16.57469870932929
1120;16.563666570017354
1121;16.552416942666074
1122;16.541168406333693
1123;16.530177638690322
1124;16.518915536195706
1125;16.509118190401708
1126;16.497053962692043
1127;16.485358785664094
1128;16.47500652715594
1129;16.46356507585692
1130;16.45268814752358
1131;16.441525240698887
1132;16.43055051915786
1133;16.419279748479443
1134;16.408451753504135
1135;16.39829653029993
1136;16.386341938382472
1137;16.3753339601095
1138;16.365047462571706
1139;16.35354539782232
1140;16.34196522463166
1141;16.33072873206458
1142;16.31963226132654
1143;16.308852708363872
1144;16.297440747460293
1145;16.286121689523693
1146;16.27478310544399
1147;16.2646158965074
1148;16.252699126578246
1149;16.241174175579697
1150;16.231048301557497
1151;16.21857218326468
1152;16.207453013917252
1153;16.196717558235957
1154;16.185491051199953
1155;16.174140709650686
1156;16.162954549035
1157;16.151705801849676
1158;16.140524250982256
1159;16.128979688725654
1160;16.11827669665973
1161;16.10679507110472
1162;16.09513668114467
1163;16.08434678284682
1164;16.073067893362914
1165;16.0615168952555
1166;16.05014937015866
1167;16.039155809197418
1168;16.029229185402272
1169;16.016216103977413
1170;16.004884371651112
1171;15.993149534925728
1172;15.98193554752497
1173;15.970637381439518
1174;15.959519848620433
1175;15.94745512956538
1176;15.936825657471198
1177;15.925685609813636
1178;15.913328942614202
1179;15.901900049639039
1180;15.890843530697465
1181;15.879109852696045
1182;15.867317691052419
1183;15.855863743331321
1184;15.844299979915967
1185;15.833431356093463
1186;15.821508620380147
1187;15.809990921562148
1188;15.798413798968642
1189;15.786947526989795
1190;15.775181366028699
1191;15.76420973957673
1192;15.752511776968625
1193;15.741286734296633
1194;15.729894665143553
1195;15.718732808714707
1196;15.70722688864501
1197;15.69588971863412
1198;15.684424646002284
1199;15.672993035152041
1200;15.661768387103903
1201;15.650587505549495
1202;15.639401859492366
1203;15.627501398748123
1204;15.615666890482874
1205;15.60440465451254
1206;15.592831393042635
1207;15.581516389672704
1208;15.570647278373672
1209;15.5585121131572
1210;15.547573669928807
1211;15.535460696500891
1212;15.525233005655222
1213;15.513834175666979
1214;15.50138105195144
1215;15.489587008106781
1216;15.477336020788847
1217;15.466377453678279
1218;15.454802250039988
1219;15.442930368574347
1220;15.431799151592758
1221;15.419530367512731
1222;15.407909027703152
1223;15.396249776921456
1224;15.384926879139991
1225;15.373233450837358
1226;15.361333740652212
1227;15.350652288471709
1228;15.341034144465386
1229;15.326838901512037
1230;15.315233760624821
1231;15.30287906461023
1232;15.291637026030442
1233;15.280934972163388
1234;15.268960444003525
1235;15.256399288138802
1236;15.244716700385599
1237;15.23294419836079
1238;15.222244583810802
1239;15.209829119591394
1240;15.197299992095143
1241;15.185963375331422
1242;15.173851243380842
1243;15.161910906282932
1244;15.149979200614634
1245;15.138565340100147
1246;15.126453527330627
1247;15.114480844617615
1248;15.103425973810966
1249;15.09186468646686
1250;15.079775995947044
1251;15.067673186017824
1252;15.055733758102324
1253;15.044061219716411
1254;15.031653914925535
1255;15.019759110456548
1256;15.007915893384457
1257;14.996252835643219
1258;14.984094521095013
1259;14.972261444308453
1260;14.962641476134015
1261;14.948197809726182
1262;14.936245626174896
1263;14.924566352101417
1264;14.912147156365261
1265;14.901097257045413
1266;14.88791354142628
1267;14.876066536738955
1268;14.864791986183027
1269;14.852139016435789
1270;14.840031743775032
1271;14.82816108100071
1272;14.815992926003725
1273;14.803850166212472
1274;14.792430134864173
1275;14.779899067133968
1276;14.767982773074756
1277;14.755887671851726
1278;14.74363008232194
1279;14.73179215398328
1280;14.719683153875943
1281;14.707895220897743
1282;14.697084036124888
1283;14.684096866398747
1284;14.671529050289255
1285;14.659773816926968
1286;14.647443009196623
1287;14.635218330135693
1288;14.623559125780334
1289;14.611411597617499
1290;14.599172418064326
1291;14.587489044932274
1292;14.575724619155482
1293;14.563334735847148
1294;14.552275789195093
1295;14.53975466250406
1296;14.52793105088673
1297;14.516126764231714
1298;14.503845700385845
1299;14.491604686992405
1300;14.479836674781165
1301;14.46801331463982
1302;14.455929276425747
1303;14.444174513130111
1304;14.432277930919346
1305;14.420364993097332
1306;14.409555228196583
1307;14.396675945537327
1308;14.385885648746761
1309;14.373027515217935
1310;14.361201158643494
1311;14.351133046720864
1312;14.33756587471488
1313;14.325715595036442
1314;14.313356496257667
1315;14.303881908285208
1316;14.290672006278202
1317;14.279012291233148
1318;14.267783530585422
1319;14.256057756667689
1320;14.244573614418385
1321;14.234437021715888
1322;14.222913413212217
1323;14.211202130114573
1324;14.1989958513581
1325;14.187943069736566
1326;14.176176458053124
1327;14.168028291775778
1328;14.153700317862551
1329;14.142384430457806
1330;14.131040900038899
1331;14.119700219036357
1332;14.108355231991162
1333;14.097064039528249
1334;14.08616031159252
1335;14.074330130648661
1336;14.06309538874133
1337;14.05136241487267
1338;14.039799527754406
1339;14.028950275320552
1340;14.0175384169418
1341;14.00674822654492
1342;13.994238393060092
1343;13.982959354625029
1344;13.971264556745487
1345;13.959925858534374
1346;13.948333167642899
1347;13.937725947304623
1348;13.926034432153914
1349;13.913656975628154
1350;13.902761420661973
1351;13.890576006674621
1352;13.878786800841047
1353;13.868884249101063
1354;13.85931331874391
1355;13.844710444823724
1356;13.833134952955266
1357;13.820950686085297
1358;13.809408290391037
1359;13.798038923716206
1360;13.786316215871071
1361;13.77494249092396
1362;13.763269207782242
1363;13.75234612780217
1364;13.739956908003554
1365;13.72804758950131
1366;13.71657134359797
1367;13.704958681644339
1368;13.693599668042413
1369;13.681589691440667
1370;13.669179854480054
1371;13.658098068005174
1372;13.646390301702473
1373;13.635729600159681
1374;13.62374315203808
1375;13.612250819409352
1376;13.600227257301068
1377;13.589537208510702
1378;13.578185775942542
1379;13.567125128925936
1380;13.555440154085295
1381;13.543938304057711
1382;13.532698698991695
1383;13.521468901489134
1384;13.510418220659298
1385;13.50031478990164
1386;13.487893617177349
1387;13.477036456790946
1388;13.465707674471409
1389;13.455221951854156
1390;13.443998153021079
1391;13.43313401320885
1392;13.422283275132248
1393;13.411837337950422
1394;13.40056774534028
1395;13.390020480745946
1396;13.378713313754625
1397;13.367714001731022
1398;13.35630459814478
1399;13.344957680537783
1400;13.334061798652819
1401;13.32372603116606
1402;13.31290454168107
1403;13.301347782839143
1404;13.291305855369954
1405;13.280273528418242
1406;13.268755407894359
1407;13.25759120886998
1408;13.24619919774982
1409;13.235016304387525
1410;13.22446971684392
1411;13.214088486367743
1412;13.202955168594453
1413;13.19179162921093
1414;13.181256667595607
1415;13.170596906186118
1416;13.159801904860181
1417;13.149083857120413
1418;13.138091042849403
1419;13.127737012402765
1420;13.116690154007918
1421;13.105993599727237
1422;13.095502512933757
1423;13.08482268180615
1424;13.074116273535676
1425;13.063397132842585
1426;13.053552677858674
1427;13.041670868894874
1428;13.031356505883393
1429;13.020524692341958
1430;13.00954068359932
1431;12.99848961008006
1432;12.987764956259582
1433;12.976946714683672
1434;12.96646008675287
1435;12.955871469834271
1436;12.946684965013732
1437;12.933730699953152
1438;12.923566810499581
1439;12.912743400124942
1440;12.901791172143653
1441;12.893200030916844
1442;12.87986087218743
1443;12.870227274014548
1444;12.858650426110197
1445;12.847788961615572
1446;12.83700671205656
1447;12.826260423563557
1448;12.817488004904973
1449;12.804417304528412
1450;12.794033174340672
1451;12.785062387555415
1452;12.772221586525319
1453;12.761223682767238
1454;12.751053593463395
1455;12.740244739679488
1456;12.72967263312659
1457;12.720529858045598
1458;12.7080034909819
1459;12.697129779606755
1460;12.686207585595925
1461;12.675621411863254
1462;12.664684585818897
1463;12.654381363193597
1464;12.644014230848084
1465;12.632953106027104
1466;12.621368617121636
1467;12.610325020176886
1468;12.599748462499035
1469;12.589199571048512
1470;12.578524059504574
1471;12.567601975756292
1472;12.556921411479463
1473;12.546940526904248
1474;12.534994494842467
1475;12.524361943134672
1476;12.514900108863568
1477;12.503931422746206
1478;12.492799685402767
1479;12.482806977587346
1480;12.472473833188566
1481;12.46052944926171
1482;12.450276827473669
1483;12.441678942821571
1484;12.430115995735958
1485;12.421480788178666
1486;12.408705933824272
1487;12.398517252707336
1488;12.388894303575249
1489;12.377238368407708
1490;12.366946382890125
1491;12.35783141718433
1492;12.346975258833012
1493;12.335529348671315
1494;12.326028042342552
1495;12.315412548444334
1496;12.305089437937397
1497;12.294742605507253
1498;12.284432250636103
1499;12.274113453909543
1500;12.26363240294234
1501;12.25418185607415
1502;12.24298104601506
1503;12.232852183297489
1504;12.222214468594256
1505;12.21291318433038
1506;12.202904324018931
1507;12.192384501257967
1508;12.182204527013441
1509;12.173136709186174
1510;12.16217087635404
1511;12.153950548075276
1512;12.142071486003017
1513;12.131637689308027
1514;12.121656766044199
1515;12.112843343258872
1516;12.103033733174478
1517;12.09210710351414
1518;12.081400979604972
1519;12.071494485495299
1520;12.061985961805734
1521;12.050943865979177
1522;12.04123925485669
1523;12.031003768255454
1524;12.020816315501989
1525;12.01183436318295
1526;12.000603277349569
1527;11.991763103322615
1528;11.981929603019545
1529;11.9721264752123
1530;11.96183561553336
1531;11.951307604327406
1532;11.941281512107617
1533;11.932805539144706
1534;11.923579200527973
1535;11.911519209221458
1536;11.901375724142511
1537;11.893900499866168
1538;11.884222914674462
1539;11.873007797566196
1540;11.862509644297509
1541;11.852785880377036
1542;11.843950913837425
1543;11.834389611141678
1544;11.824646839505519
1545;11.813577156763289
1546;11.803789363187903
1547;11.794356680786876
1548;11.784678815102723
1549;11.77500647221811
1550;11.767076894671147
1551;11.755361789138515
1552;11.745922260787376
1553;11.736723859218264
1554;11.727812472995348
1555;11.717423446763602
1556;11.70885307164995
1557;11.69808064512984
1558;11.689157524650527
1559;11.680115498587277
1560;11.67022231916385
1561;11.659892107361953
1562;11.65286461093121
1563;11.64144735162205
1564;11.631230222767797
1565;11.621905508679744
1566;11.61241679356016
1567;11.602976841568704
1568;11.593603325663908
1569;11.586363734386513
1570;11.57556049818925
1571;11.564434223678001
1572;11.555726026182969
1573;11.54599777825222
1574;11.535890085943814
1575;11.525917960470636
1576;11.516431152699685
1577;11.506937282322387
1578;11.497326908924034
1579;11.487792247207363
1580;11.478492257077603
1581;11.469006226947776
1582;11.458979478955994
1583;11.450021683807064
1584;11.440133032885816
1585;11.431050940894695
1586;11.421941515398316
1587;11.412282705790615
1588;11.403040156644934
1589;11.393532182333677
1590;11.38405017775406
1591;11.375377152077325
1592;11.365791015160736
1593;11.357373835348938
1594;11.347814681805655
1595;11.338900303018503
1596;11.329334117819764
1597;11.321135151458803
1598;11.311345570469483
1599;11.302622874416638
1600;11.293414427349099
1601;11.284556499117528
1602;11.2775194079107
1603;11.266484778986499
1604;11.259546564268534
1605;11.249513190851733
1606;11.240397859538545
1607;11.231980261889722
1608;11.222225732784
1609;11.213420879526506
1610;11.204789732339174
1611;11.196993460277998
1612;11.187511956715923
1613;11.179479668638526
1614;11.170274798333281
1615;11.161769493598241
1616;11.153398217826053
1617;11.144459629639167
1618;11.13606030462238
1619;11.128506188460344
1620;11.118828109988819
1621;11.111003966650664
1622;11.102609086955537
1623;11.093962050354747
1624;11.0853722632294
1625;11.077006394190914
1626;11.070776320374279
1627;11.061257886596431
1628;11.051710612391846
1629;11.045132410695539
1630;11.035492819656465
1631;11.02669234788442
1632;11.018545961283284
1633;11.010196428511737
1634;11.002152711817992
1635;10.993632258556435
1636;10.986051986957419
1637;10.977945838448484
1638;10.969507770654396
1639;10.960967650036299
1640;10.955298220651871
1641;10.94557007718038
1642;10.936593800480903
1643;10.92798175966522
1644;10.920002734201676
1645;10.912018719841452
1646;10.90322410165659
1647;10.895008336699759
1648;10.88714643520951
1649;10.880530427000343
1650;10.87083719226458
1651;10.86353558700902
1652;10.85419551354151
1653;10.847217718437767
1654;10.841505845710182
1655;10.830599740359169
1656;10.822028982228247
1657;10.814322827553895
1658;10.809391161007524
1659;10.797891690329655
1660;10.790947308646738
1661;10.784667274289392
1662;10.774600290139839
1663;10.765658750011761
1664;10.7599690671383
1665;10.749680745432391
1666;10.741919962436143
1667;10.733586214618798
1668;10.726129284253227
1669;10.71777232907123
1670;10.71077145620969
1671;10.701790209957842
1672;10.693875161919584
1673;10.685890139720986
1674;10.678109161268624
1675;10.670339191661162
1676;10.661336744049258
1677;10.654999156510854
1678;10.64541980944589
1679;10.639342201650747
1680;10.631046113329534
1681;10.621551534950612
1682;10.616017792336114
1683;10.605826629344639
1684;10.598278651131094
1685;10.590985574780323
1686;10.582113600647716
1687;10.573574843803236
1688;10.566525289059653
1689;10.556881152108524
1690;10.54845519385038
1691;10.54078790575689
1692;10.532293139800096
1693;10.5246350054325
1694;10.51618904322688
1695;10.508061430275319
1696;10.499971724427013
1697;10.492257162717003
1698;10.483519919745579
1699;10.475595238242624
1700;10.468641159258798
1701;10.459826055453226
1702;10.451988556805778
1703;10.445532433159695
1704;10.435901494828974
1705;10.428392414147181
1706;10.419083852555158
1707;10.411710833922845
1708;10.402755338811971
1709;10.39499823123398
1710;10.387423534664132
1711;10.385782288247626
1712;10.371354124367116
1713;10.36332927997891
1714;10.3567070738539
1715;10.348582710745852
1716;10.341656249628588
1717;10.333510021650767
1718;10.324519700984684
1719;10.317112541585617
1720;10.30963500179577
1721;10.302845453877477
1722;10.29547756535528
1723;10.286141138289569
1724;10.281000205034175
1725;10.27210001529593
1726;10.26441828861198
1727;10.254725307286632
1728;10.246721141962203
1729;10.240021988054318
1730;10.233426523498784
1731;10.224269971402615
1732;10.21649164312026
1733;10.208582572472748
1734;10.20186125966163
1735;10.196186003772047
1736;10.186872648660842
1737;10.178352481695024
1738;10.170651679590314
1739;10.162159078261432
1740;10.155092645610322
1741;10.148180383214118
1742;10.140420182481499
1743;10.131582089901938
1744;10.124299066787318
1745;10.117702108851311
1746;10.110125793162998
1747;10.101055334837877
1748;10.093572750052864
1749;10.086718917134808
1750;10.078768203998434
1751;10.07291340392695
1752;10.064041690942481
1753;10.056683609983741
1754;10.051237568652171
1755;10.042093611634044
1756;10.034792598314265
1757;10.028123733721689
1758;10.019179593718802
1759;10.012343201627596
1760;10.005565875442226
1761;9.998254178261902
1762;9.99027740834451
1763;9.983279272702354
1764;9.976221131021063
1765;9.968496960993955
1766;9.961313013614554
1767;9.95369280956338
1768;9.947284534059722
1769;9.939143080256773
1770;9.933059808448652
1771;9.924595997251313
1772;9.917103496574727
1773;9.909322624516053
1774;9.904253973196777
1775;9.89568954452298
1776;9.887487773237558
1777;9.881153046722103
1778;9.87319743367286
1779;9.866325968419321
1780;9.85921453897658
1781;9.854699974369568
1782;9.844352037379515
1783;9.837420270118946
1784;9.832152385982491
1785;9.825015197661054
1786;9.817719440189384
1787;9.809495987805102
1788;9.803976705059801
1789;9.798323172826555
1790;9.78828452615177
1791;9.781908486000665
1792;9.775214518301386
1793;9.767705911555106
1794;9.763197312732256
1795;9.753574274616357
1796;9.746051337607733
1797;9.739083624756603
1798;9.731960482336204
1799;9.726571816218069
1800;9.718151560661518
1801;9.710660298020555
1802;9.703853123570068
1803;9.69962344063223
1804;9.691164968463518
1805;9.682883220076803
1806;9.676291587628409
1807;9.670095408905834
1808;9.661321315030298
1809;9.654410760736369
1810;9.64868359826883
1811;9.641167671636925
1812;9.633267688944663
1813;9.626911509593167
1814;9.620204368421078
1815;9.611874955662849
1816;9.605319860740801
1817;9.597852973860611
1818;9.590361119283866
1819;9.583873091072872
1820;9.57685804463787
1821;9.570951616546445
1822;9.565454274113716
1823;9.556552281486093
1824;9.547289223506533
1825;9.5415538977416
1826;9.534094088943203
1827;9.526130645318641
1828;9.518556084158938
1829;9.512343263529377
1830;9.505544973918923
1831;9.49770465100271
1832;9.490248171359482
1833;9.487976967925716
1834;9.477427989425815
1835;9.46928482558616
1836;9.462482715475149
1837;9.455164269066243
1838;9.447506302994116
1839;9.441172547562852
1840;9.434098518402532
1841;9.426789517818552
1842;9.420237668871154
1843;9.415278794557521
1844;9.406681149774826
1845;9.397986481687843
1846;9.391231163520116
1847;9.386653847916856
1848;9.37853881263346
1849;9.371009538429988
1850;9.366291560701134
1851;9.359031114326772
1852;9.351916611073708
1853;9.344741540796617
1854;9.338404483292214
1855;9.332241983007465
1856;9.325687008020118
1857;9.317628947523012
1858;9.312795312119304
1859;9.307433747374745
1860;9.298556215622845
1861;9.29236362720358
1862;9.287233859481967
1863;9.28283904580509
0;62.203683160623235
1;61.59791024848366
2;60.93349075317383
3;60.25422348115313
4;59.56977195817123
5;58.89258992502704
6;58.21361842745458
7;57.53692920986585
8;56.87451592807112
9;56.21925432928677
10;55.57067631224348
11;54.94234143115928
12;54.31995249471606
13;53.713281542485916
14;53.111803917565645
15;52.522194055708134
16;51.93822442106978
17;51.369351323187715
18;50.80266954835965
19;50.243131765245664
0;62.07150425630457
1;61.52515011336692
2;60.916059141952175
3;60.2895061964921
4;59.65873397920001
5;59.015483167543856
6;58.387707940463365
7;57.76418114869154
8;57.14737835278618
9;56.539563811574936
10;55.9488558198569
11;55.37158761788575
12;54.79485366697485
13;54.23401309123629
14;53.68055907707911
15;53.13909666049795
16;52.606996199663946
17;52.079929862496336
18;51.55451723915085
19;51.040568477483596
0;61.5137927846541
1;60.95497794470487
2;60.332510725721626
3;59.691073102351375
4;59.04431298586708
5;58.390003877527576
6;57.74727218194617
7;57.09850916369208
8;56.466460980459836
9;55.841443075369625
10;55.212794205238076
11;54.592899840937186
12;53.979703404115135
13;53.36841481114014
14;52.76769888763737
15;52.16693711812791
16;51.572274747775005
17;50.97824265362041
18;50.393421490342334
19;49.80524082454658
0;61.69272961370126
1;61.08989119602192
2;60.41648974896927
3;59.7206814465431
4;59.0174897453826
5;58.312547074987535
6;57.607919752899754
7;56.907170949856685
8;56.204795408393835
9;55.515097280886884
10;54.836031054774075
11;54.16252665340961
12;53.50209698198776
13;52.84356637662909
14;52.20106221887961
15;51.56400717258936
16;50.93076993484265
17;50.305275407847176
18;49.694046805090935
19;49.08317974055792
0;59.53319267419817
1;58.84234329656506
2;58.07460192030082
3;57.29319360456689
4;56.50108560022974
5;55.71674374751407
6;54.935399060312136
7;54.170646872322365
8;53.41405436816307
9;52.67101580417869
10;51.94153408294029
11;51.22735545458885
12;50.525311134748065
13;49.84057614095547
14;49.16657545404714
15;48.510670430996015
16;47.85852535831409
17;47.22101847717223
18;46.590979865015214
19;45.96726846743258
0;62.01459857561525
1;61.45303696019171
2;60.82685611407607
3;60.184685202205884
4;59.54055122236209
5;58.884340491304535
6;58.23110416404616
7;57.58921112927172
8;56.945165003530875
9;56.308467547743604
10;55.67553453271336
11;55.05229523602654
12;54.438355823075796
13;53.82701780926625
14;53.22351770613788
15;52.63189949515383
16;52.04742086538195
17;51.46214153607041
18;50.89309554651349
19;50.31904691808364
0;63.341436204271915
1;62.73394142444912
2;62.05879041969655
3;61.367679920931614
4;60.67150034720709
5;59.96653569590973
6;59.27582826285526
7;58.58775629813483
8;57.90381917121686
9;57.23652174603383
10;56.571470396030264
11;55.92713006659889
12;55.291499108861956
13;54.65741148633357
14;54.051884858168165
15;53.437227926196236
16;52.84018824888775
17;52.24415233991209
18;51.65448755569922
19;51.079648727819354
0;62.13238994296618
1;61.59492772781341
2;60.999156278722424
3;60.38320672923121
4;59.76266524370979
5;59.13041139180955
6;58.515555685480514
7;57.896814961462425
8;57.28688784400058
9;56.685104037395114
10;56.08982344621577
11;55.50241292369293
12;54.924251215936685
13;54.353729046866086
14;53.78818097994729
15;53.23317039907583
16;52.67512025504276
17;52.13608081345626
18;51.59944408950651
19;51.0580934752799
0;61.37893738210382
1;60.69382263075375
2;59.93313903190203
3;59.145413840312244
4;58.356631026804266
5;57.56496170105785
6;56.78453148993557
7;55.99950800454121
8;55.22676825789091
9;54.46374067250477
10;53.712333056943635
11;52.96731707680189
12;52.23626590330671
13;51.51292500210871
14;50.796477061757685
15;50.09473230193814
16;49.402408236549014
17;48.717234409568036
18;48.04000790720653
19;47.359025180279424
0;59.4311879901055
1;58.70977933162855
2;57.91428044018654
3;57.099039964762866
4;56.27870463455339
5;55.45990770179571
6;54.65323632732109
7;53.84641793047162
8;53.056750350689335
9;52.27019538995343
10;51.499632034379054
11;50.736601581206315
12;49.983403117944164
13;49.23428200950738
14;48.49478327587866
15;47.77056279129291
16;47.05516432942832
17;46.34871571549529
18;45.65190287225756
19;44.960236476909785
0;61.98939691354005
1;61.42629453183188
2;60.79333522402007
3;60.14391047572509
4;59.48371512701255
5;58.82388598923751
6;58.16494136601384
7;57.509903054691954
8;56.859293560469126
9;56.211238915248046
10;55.57934738994854
11;54.95556529201794
12;54.334627828539986
13;53.73568372745785
14;53.13982146071614
15;52.55135782640314
16;51.96683094419282
17;51.39028358846359
18;50.82187010356911
19;50.2583218278556
0;61.98228032110187
1;61.49507433599197
2;60.94709812651783
3;60.387730495924885
4;59.826194739970425
5;59.26466011372348
6;58.70035132046404
7;58.150838515337774
8;57.605993274742886
9;57.06569786922927
10;56.534547608474206
11;56.00094435809834
12;55.48344288297889
13;54.965571978029324
14;54.45336629314306
15;53.95493379325944
16;53.45972761421126
17;52.973469306682716
18;52.488350425240476
19;52.018729126719386
0;62.41804909077426
1;61.850791428200374
2;61.227191530424975
3;60.59867260760758
4;59.96619508135875
5;59.33887171406775
6;58.730198099937205
7;58.123197598099466
8;57.53228055632864
9;56.945963946607485
10;56.37493005098726
11;55.81100798136806
12;55.25330324927402
13;54.706305087942624
14;54.16776300395478
15;53.638483910241426
16;53.11439418986168
17;52.59363744708636
18;52.088761474733175
19;51.58098480038904
0;61.815859565618915
1;61.24780985359725
2;60.624190066723116
3;59.97794397696173
4;59.33532606625388
5;58.69020872879415
6;58.05113375971987
7;57.41847506120212
8;56.78977563968183
9;56.17560167322284
10;55.563942906342014
11;54.963430472299564
12;54.37060191686876
13;53.7892978594779
14;53.21065196585148
15;52.643352006102525
16;52.08776156687326
17;51.53309554821814
18;50.98384861042676
19;50.44238575372049
0;62.754006654689086
1;62.21515419517037
2;61.61350032814134
3;61.00587944665255
4;60.38688166001264
5;59.7769603535805
6;59.160926199829845
7;58.555268455954156
8;57.955295593695034
9;57.361598597095174
10;56.78424767113119
11;56.20522726186633
12;55.64453112619644
13;55.08655767073254
14;54.55155023261452
15;54.02359652567587
16;53.510363750960714
17;53.00463531370337
18;52.50910974467744
19;52.02718312261554
0;62.9006858423322
1;62.32340984847434
2;61.67689416664851
3;61.00822005358961
4;60.329293133037325
5;59.649241642826226
6;58.97436849969396
7;58.310024307900946
8;57.640573451291715
9;56.9919652571301
10;56.34796080676344
11;55.71270417683507
12;55.098318134795335
13;54.484748530823126
14;53.885251693261324
15;53.29858376771877
16;52.71736254121421
17;52.14118780325683
18;51.57390495439572
19;51.0084712278045
0;62.241263051062035
1;61.682626511455794
2;61.05958398505592
3;60.414436998038454
4;59.766415323253575
5;59.10762304805113
6;58.45086455586958
7;57.80139332707465
8;57.16182328818052
9;56.52793319423591
10;55.90029161310099
11;55.28551165133896
12;54.678699593998594
13;54.07701931812217
14;53.48134790230958
15;52.904972099629184
16;52.325864153508
17;51.75926597703543
18;51.19815256919629
19;50.64197308925296
0;62.17405897795611
1;61.5585722300057
2;60.87110054843211
3;60.151200832687735
4;59.424630262689874
5;58.692644581123204
6;57.9641170830229
7;57.23442394948416
8;56.50875373693464
9;55.78849383183163
10;55.07376694606793
11;54.372810545421785
12;53.67224817169715
13;52.984741423509284
14;52.311399991268324
15;51.64176741486987
16;50.984069986546295
17;50.33120187993229
18;49.68088719716792
19;49.03744654090209
0;60.56736796725968
1;59.907012096895876
2;59.178209109630025
3;58.4232708700039
4;57.66476186116537
5;56.90585294682929
6;56.147074315806414
7;55.395267107807996
8;54.64618074133041
9;53.91019312927184
10;53.17734109014726
11;52.45738157602791
12;51.74855482880226
13;51.0484676225811
14;50.358629464378474
15;49.676377699367904
16;48.99508927489245
17;48.33087112210321
18;47.669710640486976
19;47.01888262778672
0;61.621550569669715
1;60.959540508339906
2;60.22764968098298
3;59.47097004548048
4;58.7103116033527
5;57.928310363336216
6;57.155671326674025
7;56.382155706626165
8;55.60606539805569
9;54.84246255901716
10;54.08671289718659
11;53.333831284157405
12;52.59533518855035
13;51.85150022680813
14;51.13057224358796
15;50.409339045897944
16;49.701629437491086
17;48.98906306949639
18;48.291900495486615
19;47.60155193800858
0;62.130342541553425
1;61.63947372746032
2;61.09110217452291
3;60.52591077792959
4;59.95107277798604
5;59.38109253579656
6;58.80955863627652
7;58.234641510381174
8;57.66603541809454
9;57.104359029030945
10;56.547420602299376
11;55.98887888848419
12;55.44404185761303
13;54.90185803767392
14;54.36163296032145
15;53.826424736038426
16;53.296506916533616
17;52.775281987374015
18;52.25477326956047
19;51.738814851091554
0;63.217785547035945
1;62.65756121126682
2;62.03925788523459
3;61.40674793792787
4;60.76799182234139
5;60.14063852553919
6;59.51022055666539
7;58.893045081086385
8;58.289843344543335
9;57.690205223903696
10;57.10229289459166
11;56.53251835975879
12;55.972470188721196
13;55.42475060855641
14;54.89283504060509
15;54.37378843512545
16;53.86414012947624
17;53.36230334887398
18;52.87582340975562
19;52.3959932926944
0;61.08428515247782
1;60.50307430588124
2;59.84815611834463
3;59.177411200186164
4;58.487856686175654
5;57.79894767923558
6;57.105885143338
7;56.41810410411645
8;55.73071987070936
9;55.03960361113543
10;54.36242793275472
11;53.687996919394266
12;53.01476813087348
13;52.35102845011269
14;51.69581935615887
15;51.045032408462106
16;50.39819339029453
17;49.75948433455725
18;49.125071014435214
19;48.49307514565573
0;59.86058425130332
1;59.20504867801067
2;58.48224553704382
3;57.73111833844866
4;56.98262049047901
5;56.23401010314261
6;55.48711443575441
7;54.750523575895826
8;54.01882475028768
9;53.29259170176652
10;52.57530739193871
11;51.863254002162385
12;51.16095262119715
13;50.46339611296958
14;49.77792377336651
15;49.10190328735228
16;48.43589169348627
17;47.777893240328616
18;47.129189867137534
19;46.48736248770021
0;62.98545150292573
1;62.439255225005546
2;61.83443916738638
3;61.21459403821469
4;60.59305804641445
5;59.96446559975645
6;59.336790599397425
7;58.714812272944265
8;58.094563861405874
9;57.48428915770494
10;56.8800829486963
11;56.28699687625041
12;55.708770504346
13;55.141453880325535
14;54.58641135813498
15;54.039543159593194
16;53.502468937067185
17;52.97499889969584
18;52.459348434850604
19;51.944968635605505
0;61.915946751530704
1;61.26088959111645
2;60.53555645275309
3;59.77764592354486
4;59.02655262976099
5;58.264567539609715
6;57.521716166219655
7;56.7675903892904
8;56.03348960644333
9;55.307351381251586
10;54.59882098617708
11;53.89949484432445
12;53.21006141956631
13;52.53942915198769
14;51.87236973915332
15;51.21854438549607
16;50.5665884501552
17;49.93547822592466
18;49.30410138298483
19;48.67959573060939
0;62.60419762787422
1;61.995564837968374
2;61.318010419184006
3;60.620065538201324
4;59.91341425680969
5;59.21276340910194
6;58.5059082309808
7;57.806547911607225
8;57.11431600017431
9;56.42830322915594
10;55.76445148924543
11;55.1115918420633
12;54.472462435523106
13;53.845288669361786
14;53.238327390040155
15;52.637749584886656
16;52.0474474289838
17;51.4686946520699
18;50.897199619130724
19;50.33493890820362
0;62.46274436015368
1;61.939548674083895
2;61.35475818436921
3;60.74474171229771
4;60.12503282494821
5;59.49818870289347
6;58.86377913949458
7;58.22981359603557
8;57.58749536129721
9;56.94259973234198
10;56.30683669348256
11;55.664925278622086
12;55.02798534961457
13;54.38944625081504
14;53.76801758044397
15;53.14650553555474
16;52.5245628395583
17;51.91388230869715
18;51.31174233619203
19;50.71376933491097
0;59.94291848952768
1;59.212958334910226
2;58.39921205746729
3;57.56540941974675
4;56.71804296692575
5;55.87165609125912
6;55.025060562860396
7;54.19190817449351
8;53.36174561984633
9;52.542956903954284
10;51.73357358505419
11;50.94052130593838
12;50.15366040416281
13;49.3818173973756
14;48.622285176193095
15;47.87664959568383
16;47.14021504565454
17;46.41491126820913
18;45.699598909511394
19;44.99024404894859
0;62.146827844770634
1;61.608284793567464
2;61.0096191963366
3;60.38612491073763
4;59.75127562548036
5;59.11186938643697
6;58.4776387553186
7;57.85106932850928
8;57.228638144100415
9;56.6161174967613
10;56.00379754273451
11;55.40563116015576
12;54.81994830087039
13;54.23541722481439
14;53.66548936700724
15;53.09683827212568
16;52.54344395449873
17;51.99330305521193
18;51.45211347846907
19;50.91557210647552
0;62.60006265079274
1;62.025976889031895
2;61.393884190681256
3;60.733847991448144
4;60.074482567653696
5;59.41315936848793
6;58.75539744843334
7;58.09667915359714
8;57.44357111004255
9;56.80377629804321
10;56.15903191247286
11;55.523372108505896
12;54.90047351922273
13;54.279607730269674
14;53.66514339795219
15;53.05532799772994
16;52.45511798200936
17;51.85110570354345
18;51.26276670846688
19;50.67242706329779
0;62.714619472109035
1;62.13488333123693
2;61.49986746054876
3;60.84021817839895
4;60.174371220277244
5;59.50930981123423
6;58.846657526662334
7;58.1926599235612
8;57.546722791257785
9;56.913881986668336
10;56.28708383277754
11;55.67435593827501
12;55.07049671970081
13;54.480418803000305
14;53.90254401773758
15;53.33707000856226
16;52.782593585898375
17;52.2354402213261
18;51.69618563236136
19;51.17249958123445
0;61.062371266528345
1;60.41979472228942
2;59.71288024763206
3;58.98764332980974
4;58.25644185646931
5;57.53539720977814
6;56.81951691725092
7;56.117260052681935
8;55.42932824982215
9;54.759241967940405
10;54.100127331270876
11;53.45510114072666
12;52.834192324312745
13;52.226692767853436
14;51.632113475084545
15;51.054545366776146
16;50.486650047572795
17;49.93378975277855
18;49.389769549307005
19;48.84863137474176
0;59.38551827597884
1;58.648856521498224
2;57.83455030678978
3;56.9994772743913
4;56.16846723856052
5;55.33905930601234
6;54.52655678220554
7;53.72375682301313
8;52.93951795939375
9;52.16814484446486
10;51.408272462050604
11;50.66842217334256
12;49.93818622422919
13;49.22331066189566
14;48.52143374040134
15;47.83250068579522
16;47.15258632532369
17;46.481210297001894
18;45.8157648243078
19;45.156455587833484
0;61.02767169639915
1;60.12853420099783
2;59.15922926928295
3;58.17271985489473
4;57.19325558924617
5;56.2301244712514
6;55.29196823503752
7;54.371454026963974
8;53.49221044696644
9;52.630033797784634
10;51.799171327094385
11;50.97479532679599
12;50.174835412365
13;49.392135282889285
14;48.61672765417787
15;47.84741832179358
16;47.08231551765139
17;46.322447164988766
18;45.56488054125462
19;44.80838418606327
0;62.715584892288426
1;62.11978398568732
2;61.45656734257634
3;60.778746366984464
4;60.08848505232929
5;59.40347536098643
6;58.71700850171443
7;58.0451371461818
8;57.37728924393412
9;56.726213226937375
10;56.08224638964052
11;55.46200642769525
12;54.855993537825455
13;54.25800723526589
14;53.676862186640804
15;53.10637570394706
16;52.55124032908473
17;52.0021773487269
18;51.46234024852575
19;50.933208179280435
0;62.48439018914956
1;61.922231825079926
2;61.29207227292941
3;60.64008988231481
4;59.980356359578536
5;59.31359997143852
6;58.644572399209046
7;57.9638620960785
8;57.291036648392435
9;56.621471288963455
10;55.9474141737994
11;55.286433469451225
12;54.62910506304573
13;53.98267885250687
14;53.351381684897156
15;52.72343200312183
16;52.104643235583815
17;51.49884902149378
18;50.89400112314592
19;50.29401612039995
0;62.30842090475148
1;61.748498270526134
2;61.11772223853678
3;60.4776538206646
4;59.82054556794389
5;59.17100127957172
6;58.52231212561803
7;57.87507785696529
8;57.23953684251642
9;56.61312320701491
10;55.994959314744804
11;55.39127257000844
12;54.80119271887727
13;54.21313777559911
14;53.635319096563315
15;53.06791655287056
16;52.51370101526349
17;51.95976199291299
18;51.41167694463208
19;50.87015952831833
0;62.66468062395987
1;62.079312329355105
2;61.43510231783325
3;60.76795812218385
4;60.089781230706215
5;59.40761888498231
6;58.73382040794859
7;58.05467676705744
8;57.38625115391694
9;56.725280966560646
10;56.0653048421595
11;55.40839342698983
12;54.7662033653066
13;54.127459347308466
14;53.49170816608959
15;52.86813666392967
16;52.24438985188802
17;51.633575934165634
18;51.026738519484994
19;50.42582733556251
0;59.396323701651745
1;58.81365189943632
2;58.16172958265805
3;57.49791297023661
4;56.82396256235233
5;56.147258611677145
6;55.47305522791158
7;54.797999292159155
8;54.13106721222944
9;53.47102575872203
10;52.81051017738041
11;52.16377019447396
12;51.5274705510009
13;50.89473249750417
14;50.276721165897634
15;49.66076696873194
16;49.05010218750742
17;48.446211709560714
18;47.84465245611158
19;47.251107684505506
0;62.53745340962439
1;61.99259002406989
2;61.38407875509823
3;60.754304115960856
4;60.123429017908435
5;59.49062713406391
6;58.8548727828639
7;58.231021881103516
8;57.606181572223534
9;56.995805775176194
10;56.38598437821889
11;55.791395446591636
12;55.19760000294652
13;54.61272920991538
14;54.038384954054024
15;53.4640242091057
16;52.9030973887105
17;52.346303510375726
18;51.78714848145027
19;51.24142218506602
0;62.017524912681345
1;61.49887526784901
2;60.917317690278644
3;60.32020919366492
4;59.714819546403554
5;59.107654145958456
6;58.50286485312193
7;57.89787030945443
8;57.29405680534564
9;56.70182222285087
10;56.10778072736326
11;55.51818801229914
12;54.93592316045239
13;54.35714051592906
14;53.77828775990082
15;53.20975267669492
16;52.63734448415512
17;52.0724247976926
18;51.50759714370325
19;50.9450155416802
0;62.46946542209834
1;61.947635991094565
2;61.37276721049032
3;60.78408524085735
4;60.19272471925066
5;59.59852118037535
6;59.018456805308496
7;58.43829949245492
8;57.871637650000395
9;57.30602464811314
10;56.75712956859906
11;56.2121038146725
12;55.677863966378915
13;55.152615963082766
14;54.63523079367245
15;54.1267546292009
16;53.624581435631065
17;53.13152663751258
18;52.65011311157722
19;52.170142253078744
0;60.824010356218984
1;60.251211659161875
2;59.62083781357352
3;58.96512803963736
4;58.30423019239122
5;57.64760171412939
6;56.99026871500527
7;56.33251203326348
8;55.688019243296395
9;55.03997643885279
10;54.40496569926253
11;53.77949132020713
12;53.15498839419905
13;52.54249823202116
14;51.94178577566098
15;51.3503442085985
16;50.76453392314814
17;50.18777572106204
18;49.61508650620295
19;49.04926382372082
0;59.33720153298422
1;58.66041857903972
2;57.91358386950894
3;57.144680981698855
4;56.36812617447843
5;55.60656446478166
6;54.8451651367373
7;54.09951971608696
8;53.374481595395906
9;52.65561006617522
10;51.955671281437745
11;51.26689487291083
12;50.59192005455071
13;49.927861500655986
14;49.274580382527795
15;48.629216890808536
16;47.988403525154396
17;47.36067052066266
18;46.73443372778617
19;46.112389028253524
0;61.45165548266552
1;60.90146115440384
2;60.30164207938235
3;59.67671562643612
4;59.045469736714395
5;58.40747219650547
6;57.7868755874479
7;57.15539444000677
8;56.53378586063037
9;55.917891279920845
10;55.3055272673013
11;54.694544267944586
12;54.09634600594851
13;53.50159342148725
14;52.91786418241613
15;52.34235466421255
16;51.77343346090878
17;51.21005866493705
18;50.65049628360276
19;50.09971564488285
0;62.117323382147426
1;61.61586482142822
2;61.05218242776805
3;60.46995049219344
4;59.87484546994099
5;59.28406873629495
6;58.68308814398899
7;58.08615522403988
8;57.498049567727485
9;56.90245953728171
10;56.317483720141055
11;55.73426364643337
12;55.1567582677876
13;54.585721733603954
14;54.0268597399729
15;53.46912949660729
16;52.91246982907185
17;52.371185418800216
18;51.82324018342983
19;51.28514913903289
0;62.35395204029509
1;61.79524555941382
2;61.170765797458365
3;60.52511878332792
4;59.86758475468076
5;59.20230209319635
6;58.53469947675662
7;57.865435718281034
8;57.200139453880205
9;56.53834179303709
10;55.880801450408256
11;55.2294968688222
12;54.58264195749774
13;53.947008299295604
14;53.31000083938815
15;52.68316145891108
16;52.05686375770801
17;51.43765858462568
18;50.82831332843154
19;50.214570732194076
0;61.09520794869435
1;60.43232093586869
2;59.6955396464772
3;58.94198838748951
4;58.18587781061638
5;57.43014016581403
6;56.68604558772712
7;55.943341337317996
8;55.21783514515607
9;54.50514186793427
10;53.80050768557532
11;53.11772632309006
12;52.445353599787964
13;51.78630791367489
14;51.143725807785145
15;50.5047642438245
16;49.879328147014704
17;49.26558090101742
18;48.66296425754659
19;48.073160722262955
0;60.170437060107815
1;59.55526213177311
2;58.87719725789512
3;58.17362484453659
4;57.45592661493334
5;56.72709533629567
6;55.999834108980714
7;55.271637407358895
8;54.54659449800532
9;53.822334934996015
10;53.10835069774253
11;52.40063029388768
12;51.696497916209054
13;51.00586224665154
14;50.32405904675206
15;49.64571323800594
16;48.978088923863005
17;48.317070567740735
18;47.66264079672708
19;47.00962427249433
0;63.53020568600049
1;63.04225236068633
2;62.5041788499689
3;61.95395885568119
4;61.39867899432385
5;60.84230457019613
6;60.294373247251066
7;59.75446510701828
8;59.21942212954013
9;58.697752273590524
10;58.184608358882265
11;57.68557059111992
12;57.19587519492871
13;56.71721889813096
14;56.25357822472377
15;55.797008019190045
16;55.355240425280094
17;54.92260744508817
18;54.49968656806868
19;54.087726461476294
0;61.27640449879861
1;60.769975449444075
2;60.20675468057938
3;59.63280242548511
4;59.046879634895866
5;58.45448354291626
6;57.866274851089074
7;57.285590258863344
8;56.70055275659774
9;56.12450146626749
10;55.55260493837554
11;54.98633860961419
12;54.42182750585838
13;53.864597831246336
14;53.31632353374489
15;52.771525524209046
16;52.230969202687724
17;51.69763981352955
18;51.16171309527229
19;50.63122339616199
0;62.735151782238944
1;62.17375713913243
2;61.554785420880116
3;60.924127505226984
4;60.276624961992304
5;59.63117772812292
6;58.98712358610142
7;58.35143952437395
8;57.71669699647605
9;57.09664126970705
10;56.486830597233336
11;55.88439764986174
12;55.299766517314175
13;54.722053520094306
14;54.15321380274774
15;53.60011621904663
16;53.057482288043346
17;52.52348021222902
18;52.00103338833513
19;51.484202982687805
0;61.83528031694128
1;61.168925790680454
2;60.435596427415035
3;59.666495619815414
4;58.905447928014134
5;58.14955665565189
6;57.39926698215102
7;56.65525805116787
8;55.92829876081318
9;55.21199968254916
10;54.5068867344262
11;53.81529025587026
12;53.13082375183415
13;52.462306705772455
14;51.79567246596502
15;51.144335780583376
16;50.494929498210624
17;49.85547248739844
18;49.22294687814142
19;48.58867787107025
0;60.59612942804802
1;59.94227929390672
2;59.220081209532516
3;58.472533225046945
4;57.72367933866584
5;56.97840308563325
6;56.24551875492239
7;55.528172907495936
8;54.82858060316958
9;54.15044387616406
10;53.48967689583729
11;52.855342830205764
12;52.23232938308484
13;51.62946435914817
14;51.04066961997669
15;50.46605606233699
16;49.89724935900718
17;49.341834933079
18;48.79272457072558
19;48.25403920398778
0;61.72089311115546
1;60.821565976108076
2;59.84149371021082
3;58.83955170135622
4;57.848710671925296
5;56.876984137591556
6;55.934194631336766
7;55.00733754389284
8;54.111257492770825
9;53.24643668293083
10;52.4051570258098
11;51.588390888668904
12;50.79256456225071
13;50.009920984965845
14;49.24316105838723
15;48.47751299694894
16;47.72835167655109
17;46.98461327471582
18;46.240024247985495
19;45.499058577266055
